,tweets,likes,time,user name,RT count,media
378,"angela merkel: voted most powerful woman in the world every year since 2006.

2010 michelle obama: https://t.co/jfn6jsLjbJ",0,26/06/2021 22:59:17,Xinj,0,https://pbs.twimg.com/tweet_video_thumb/E41_20iWYAA-OOT.jpg
377,"Just so you know, I'm a supreme Angela Merkel boy toy, which is  why I'm going easy on you.",0,26/06/2021 22:59:45,dumbbrags,0,
376,"@Julioac13 Se olvid√≥ de mentiroso, sarasero y acomodaticio. Valores de los que carece Merkel.",1,26/06/2021 22:59:55,julio061943,0,
375,@mariaFFreijo @carlavizzotti La merkel de la salada,0,26/06/2021 23:00:27,inbox_dirk,0,
374,"@mariaFFreijo @carlavizzotti podr√° tener  empe√±o, pero le falta much√≠simo para poder siquiera usar los saquitos de‚Ä¶ https://t.co/7ieuWZrvdn",0,26/06/2021 23:01:18,marcesoy2,0,
373,Angela Merkel to visit Boris Johnson in UK next week https://t.co/4Va5eH8DYq,0,26/06/2021 23:01:56,Sheeraz037,0,
372,"@LolyhAllah @gloriarancibia7 @SantiCafiero Merkel no se disfraza, no anda diciendo burradas en los medios, es una P‚Ä¶ https://t.co/Yudx4FOotJ",1,26/06/2021 23:01:59,danipopsickle,0,
371,"16000 neue Varianten.. Lauterbach Spahn und Drosten kollabieren, Brinkmann orgasmiert sofort und Merkel k√ºsst S√∂der auf den Mund",0,26/06/2021 23:02:58,CMauske,0,
370,"@TichysEinblick Die zentrale Aussage Gafrons, Merkel w√§re Biden in den R√ºcken gefallen, ist falsch.  Biden unterst√º‚Ä¶ https://t.co/itMUXsLca3",0,26/06/2021 23:03:23,frei_ist,0,
369,@mustafa15605767 @Figentregun @aygan07 @BurakTheBuilder Zaman olsa aynƒ± bu olurdumda ablam Merkel √ßok √ßalƒ±≈ütƒ±rƒ±yor‚Ä¶ https://t.co/vymwsf2rR4,0,26/06/2021 23:04:06,0KarlRanseier0,0,
368,"Merkel wurde immer zugutegehalten, dass sie in der Lage sei, die Dinge vom Ende her zu denken. Da jedoch mehr als 6‚Ä¶ https://t.co/aNleP5FMwh",9,26/06/2021 23:04:51,chrilikon,1,
367,@AfDVerdachtfall Frau Merkel steht nicht mehr auf der Liste?,0,26/06/2021 23:04:56,VolkerOnline,0,
366,"Merkel: La variante delta pone a Europa ""en la cuerda floja"" https://t.co/UlbKsxMKMH",1,26/06/2021 23:04:59,apunterd,1,
365,"Ank√ºndigung aus 2017: Au√üer Spesen nichts gewesen, k√∂nnte man meinen‚Ä¶ https://t.co/FNM3JrXWNs",2,26/06/2021 23:06:07,LarsHaise,1,
364,"@Sportrecht_Dus Was kommst als n√§chstes ?
GAMER D√úRFEN NICHT ABER MERKEL GEHT ZUR GAMESCOME !!",0,26/06/2021 23:06:26,KNeko94,0,
363,@RandilynIsIn @Rschooley Didn't Angela Merkel get a shot of Moderna after an AZ?  Seems similar situation?,1,26/06/2021 23:06:34,mo_ontheroad,0,
362,@PanSzymoniak @W_Kowal A nie Merkel poprzez chy≈ºego ruja? ü§™,0,26/06/2021 23:08:17,StefekMichnik1,0,
361,"@fraeuleinevans Auch ein Resultat der √Ñra #Merkel: Deutschland ist zur Freiluftpsychiatrie Afrikas verkommen.

#W√ºrzburg",2,26/06/2021 23:08:59,PWaxenstein,0,
360,@DeThoma59680777 @ainyrockstar Ein Drecksloch. Vor Merkel gab es eindeutige Tendenzen und dann hat Merkel mit roter‚Ä¶ https://t.co/PyA0ADmbBh,1,26/06/2021 23:09:09,lio_mika,0,
359,"@Jo3ll3 @Hoekstraj58 @jelleprins Nooit!
Wereldleiders als Biden, Merkel allemaal met enorm veel respect.

üáæüá™Totaal‚Ä¶ https://t.co/C69vYW4XFA",4,26/06/2021 23:09:11,PeterSpitters,0,
358,"@JohannesNormann Das m√ºssen diese warmherzigen Menschen sein, von denen Merkel und Hofstaat st√§ndig predigen und mi‚Ä¶ https://t.co/WQbPbtaXZO",2,26/06/2021 23:09:11,Leonidas_der_1,1,
357,Boris Johnson in holiday showdown with Angela Merkel https://t.co/cTRN0yiDk6 via @MailOnline,0,26/06/2021 23:09:45,potomkine,2,
356,Endlich Frau #Merkel. Vielen Dank‚ùóÔ∏è https://t.co/rU4fLi8Rqc,33,26/06/2021 23:09:57,Kopertaa,17,https://pbs.twimg.com/media/E42Bw6nWQAYNtGd.jpg
355,"@Lizgottik El Fuhrer Tropical tan cerca de Daniel Ortega, y tan lejos de Angela Merkel.",0,26/06/2021 23:09:59,german42603086,0,
354,"@porquetendencia @mariaFFreijo S√≠ para mi tiene cosas de Merkel, un llavero y un p√≥ster",0,26/06/2021 23:10:28,JuliNeck7,0,
353,"@MalteKaufmann Dass Terror aus anderen Kulturkreisen nicht pr√§zise diskutiert werden kann, ist mit euer Verdienst,‚Ä¶ https://t.co/lJye0FofpD",19,26/06/2021 23:11:06,anouk_avf,1,
352,@adrian1farrell @business @GretaThunberg There you are mistaken. Merkel and Germany introduced multiple taxes for t‚Ä¶ https://t.co/uomlTMXurd,0,26/06/2021 23:11:31,AngliaJohnny,0,
351,"@mariaFFreijo @carlavizzotti Tomograf√≠a Urgente, creo que sufriste un ACV y todav√≠a no te diste cuenta pero est√°s d‚Ä¶ https://t.co/MtnlvPrEP0",0,26/06/2021 23:12:06,nachoviene,0,
350,@Nice_Matin Le porte-parole du gouvernement allemand a dit que c'√©tait une attaque contre tout l'humanit√© et contre‚Ä¶ https://t.co/7Nn5vox7xY,0,26/06/2021 23:12:12,Ccurraann,0,
349,"Messer-Angriff in von W√ºrzburg: Kanzleramt verschweigt Hinweise auf Islamismus 
Merkel-Sprecher spricht trotz einde‚Ä¶ https://t.co/Dx6TErnsAJ",4,26/06/2021 23:12:14,Mehriel,2,
348,"@DevliegerErik Ja,wir schaffen das,merkel ferkelüê∑",1,26/06/2021 23:12:17,Meg15904303,0,
347,@who98408150 Merkel √ßok kƒ±skanƒ±yordur ≈üimdi deƒüilmi,1,26/06/2021 23:12:18,arzuyld28195973,0,
346,"@mariaFFreijo @carlavizzotti No la veo a Merkel encubriendo el tr√°fico de vacunas, por ejemplo....",0,26/06/2021 23:12:20,bigotedened,0,
345,"@SpuncySp @cducsubt Sie haben es genau auf den Punkt gebracht.
Die erste Welle haben wir mit #Merkel #Drosten #RKI‚Ä¶ https://t.co/B7vEC11Crs",21,26/06/2021 23:12:47,svonhaxthausen,2,
344,@BergmannMax_ @Anemalon19 @AfDFilme @Holger_Lucius @report24news Es wird in diesem Land immer schlimmer was Betrug‚Ä¶ https://t.co/ZG5ujbdNA9,8,26/06/2021 23:13:15,rove_we,3,
343,"@mariaFFreijo @carlavizzotti Por un momento pens√© q era iron√≠a...pero no.
Para empezar, entre decenas de diferencia‚Ä¶ https://t.co/3P7Mzm6Izw",0,26/06/2021 23:13:48,drz32,0,
342,@AliCologne Kennt ihr nicht allm√§hlich die Merkel-Politik ?,0,26/06/2021 23:14:34,jussi_bjoerling,0,
341,@mariaFFreijo @carlavizzotti Merkel jajajaja...no termina una frase que se contradice 5 minutos despues y dice que se parece a merkel.,0,26/06/2021 23:15:49,lea77cai,0,
340,"@LibSoz Und Macron k√∂nnte noch viel stabiler im Amt sein, wenn wir ihn nicht bei seinen EU-Vorschl√§gen komplett vor‚Ä¶ https://t.co/PEeXTSMI9E",2,26/06/2021 23:15:53,iriswasapupil,0,
339,"Diktatur ist, wenn Angela Merkel seit zig Jahren am Ruder ist.",0,26/06/2021 23:16:39,DNiedrig,0,
338,"What's your Agenda #Obama? 

#NATO 
Netanyahu stepped down.
Jim Junior stepped down.
Merkel stepped down. https://t.co/ib5YIJViOB",0,26/06/2021 23:17:43,PollyD74563389,0,https://pbs.twimg.com/media/E42EEfDXIAUN1Cv.jpg
337,@mariaFFreijo @carlavizzotti Que sus padres se vacunaron con privilegio. Merkel eso no lo hace,0,26/06/2021 23:17:45,nickzab78,0,
336,"@clandestinanena Al final, la que es parecida a Merkel es la que mandan a hombrear cajas de AZ....",1,26/06/2021 23:17:59,Dulcmastr,0,
335,@MarkusSiebert5 @ElseSchuster5 @PapkeGerhard @gunnar_beck Also die Medien hat die D Regierung doch auch bestens im‚Ä¶ https://t.co/IsEcLVpRjj,4,26/06/2021 23:18:04,KukKonig,0,
334,"@mariaFFreijo @carlavizzotti Jajajaja, a Merkel, no le llega ni a los talones esa Visotti.",0,26/06/2021 23:18:54,MIGUELBEDIA2,0,
333,"What's your Agenda #Obama? 

#NATO 
Netanyahu stepped down.
Jim Junior stepped down.
Merkel stepped down. https://t.co/XDwDldL6PO",0,26/06/2021 23:19:01,PollyD74563389,0,https://pbs.twimg.com/media/E42EXjhWQAEs1iP.jpg
332,"@LongCjlsackley1 @shep59r1 @paulafr68963440 Merkel can't either.
Spain are struggling, but rely on us, Greece....
E‚Ä¶ https://t.co/5oQ2trfjjg",1,26/06/2021 23:19:15,OnlyTalkingSen1,0,
331,"@mariaFFreijo @carlavizzotti La misma que hizo saltarse la fila a sus viejos y los vacuno antes, la misma que tiene‚Ä¶ https://t.co/kBJ9q2Nc9p",0,26/06/2021 23:19:48,GiselaOria,0,
330,@piraguon Son dos autoritarias e incogibles.Merkel y esta gorda.,1,26/06/2021 23:20:32,ClaudioLeguiz2,0,
329,"What's your Agenda #Obama? 

#NATO 
Netanyahu stepped down.
Jim Junior stepped down.
Merkel stepped down. https://t.co/2kcmfawRbN",0,26/06/2021 23:20:36,PollyD74563389,0,https://pbs.twimg.com/media/E42EuuVWQAsUPRO.jpg
328,"@iriswasapupil Aber Hauptsache wir f√ºhlen uns moralisch √ºberlegenüòá Mal im Ernst, ich verachte diese deutsche Art. W‚Ä¶ https://t.co/MxDFe77ikU",2,26/06/2021 23:20:51,LibSoz,0,
327,"@citiz_zen @dwnews #Merkel just wants another ‚Äòcozy relationship‚Äô , at the expense of the #EU and #Germany, before‚Ä¶ https://t.co/3r6jicgnxN",1,26/06/2021 23:20:52,Jamess993,0,
326,"Bueno, hay que ver si Merkel no se qued√≥ con alg√∫n vuelto. 
https://t.co/S7meWL8kCv",2,26/06/2021 23:21:01,JeSuisFander,0,
325,"@danipopsickle @LolyhAllah @SantiCafiero Ojala nos tocara una SE√ëORA MERKEL no nos para nadie,bueno so√±ar no cuesta nada no??",1,26/06/2021 23:21:22,gloriarancibia7,0,
324,"What's your Agenda #Obama? 

#NATO 
Netanyahu stepped down.
Jim Junior stepped down.
Merkel stepped down. https://t.co/04uD3xiOS7",0,26/06/2021 23:21:31,PollyD74563389,0,https://pbs.twimg.com/media/E42E7__X0AEsrjv.jpg
323,And with Brexit the EU was only relatively nice because Merkel etc. didn't want to create bad feelings against the EU.,0,26/06/2021 23:21:37,OlympedeGouges,0,
322,@erzaehlmirnix @deinTherapeut Du bist so witzig wie Angela Merkel...,0,26/06/2021 23:22:09,fcklnks,0,
321,Auf gut Deutsch: Merkel du H00nd mach Konzerte endlich auf,4,26/06/2021 23:22:43,marktextremist,0,
320,"@rove_we @Anemalon19 @BergmannMax_ @AfDFilme @Holger_Lucius @report24news Merkel wei√ü nicht nur davon, Sie deckt es‚Ä¶ https://t.co/kntFoeWUvV",3,26/06/2021 23:23:20,gemusegurke,1,
319,das beweist die ganze Verlogenheit der Merkel-Bande https://t.co/QcRBCPlxw9,0,26/06/2021 23:24:01,klardenk,0,
318,Merkel to face Boris at Chequers for trying to shut out British tourists https://t.co/SJAWvvv1OM,0,26/06/2021 23:24:06,Treshc,0,
317,"Mit ihrer Fixierung auf ihr technoides Verst√§ndnis von Wirtschaft, hat Merkel die einst wichtigsten G√ºter dieses La‚Ä¶ https://t.co/sCgDDAoQHX",0,26/06/2021 23:25:04,JanOliverMampel,0,
316,@svbz3r0 @Der_Dutschi Da stimm ich dir zu. Aber wie du Corona darin einordnest ist einfach falsch. Corona wird f√ºr‚Ä¶ https://t.co/t9THid3ZVL,0,26/06/2021 23:26:49,ichtrage1fahne,0,
315,"@KathyConWom Doris is currently in Portugal so don‚Äôt think he‚Äôll be doing much apart from trying to top up his tan,‚Ä¶ https://t.co/61hk9rjAbg",1,26/06/2021 23:27:21,Freedom_2020_21,0,
314,"@CarolineFourest La @Turquie qui veut entrer dans l'U.E., soutenue en cela par Mme Merkel et certains pays voudraie‚Ä¶ https://t.co/oWIkjBFQfa",2,26/06/2021 23:27:31,domi31300,0,
313,"Merkel, Steineimer &amp; Maas suchen gerade ihr √ºbliches Beileidsmanuskript, offenbar haben sie es wohl verlegt https://t.co/cfyBAhLLJn",4,26/06/2021 23:27:32,ElgerVon,1,
312,"Merkel, wenn Regierungen in anderen L√§ndern etwas beschlie√üen was ihr nicht gef√§llt: ü§¨ü§¨ü§¨ü§¨ü§¨

Merkel, wenn in dem von‚Ä¶ https://t.co/KEWAUeJtd7",17,26/06/2021 23:27:33,BasiertDeutsch2,4,
311,@ChangFrick @Skatteverket Greker √•tnjuter EU-st√∂d (tack frau Merkel) som de aldrig n√•gonsin kommer att betala tillbaka.,2,26/06/2021 23:27:39,CoderTrader008,0,
310,"Criam um certificado digital para um vacinado ter carta verde para infetar outros!
A Merkel √© que tem raz√£o tem mes‚Ä¶ https://t.co/ubutawZyGK",0,26/06/2021 23:27:45,MariaXuni,0,
309,@mariaFFreijo @carlavizzotti Est√°s bien?? O el COVID te infect√≥ el cerebro? Carla Vizzoti te recuerda a √Ångela Merk‚Ä¶ https://t.co/0K6nrXJwco,0,26/06/2021 23:28:12,proteina63,0,
308,@NoasAkf Yarƒ±≈üma bitince bayan kƒ±zƒ±nƒ±n hesabƒ±ndan √ßƒ±kƒ±p kendi hesabƒ±na d√∂nm√º≈ü Merkel size tazminat davasƒ± a√ßar ≈üunu g√∂rseüòè,0,26/06/2021 23:29:13,Betl91157253,0,
307,"@mariaFFreijo @carlavizzotti Habla demasiado, muchos errores, merkel no hubiera vacunado a sus padres",0,26/06/2021 23:30:27,JFrogone,0,
306,@disclosetv Mrs merkel must be so proud,0,26/06/2021 23:30:40,tommyknocker67,0,
305,"What's your Agenda #Obama? 

#NATO 
Netanyahu stepped down.
Jim Junior stepped down.
Merkel stepped down. 
All thre‚Ä¶ https://t.co/KdI3sudbXn",0,26/06/2021 23:32:00,PollyD74563389,0,
304,"@BBCNews @GlynisSpencer Thanks to Angela Merkel to invite such creatures ü§Æ
No wonder the UK votes for the Brexit",5,26/06/2021 23:33:09,NewYorkTimmy,0,
303,"Hoy en #IPGlobal üåé
-@fdelledonne, especialista en Alemania üá©üá™: sobre la ""jefa"" Merkel y las nuevas derechas.
-‚Ä¶ https://t.co/nu9kYPiXTS",51,26/06/2021 23:33:42,periodistan_,4,
302,@Hugomar27130929 @SilContini Igualita a Merkel!!!,3,26/06/2021 23:33:47,CMariaLaura,0,
301,"@mariaFFreijo @carlavizzotti Pas√≥ Merkel y dijo que te vayas bien a la concha de tu madre, enferma",0,26/06/2021 23:34:00,GDRojo,0,
300,diggah seh ich aus wie merkel was ist das https://t.co/datY7dpvjT,1,26/06/2021 23:34:23,fairryluvbot,0,https://pbs.twimg.com/media/E42H5MHWUAA4LSv.jpg
299,@Johann_v_d_Bron @alf_frommer Oder es gibt monatelange Koalitionsverhandlungen und die Regierung Merkel ist formell‚Ä¶ https://t.co/Do5atPw6Ah,1,26/06/2021 23:34:35,Rabengekraechz,0,
298,@mariaFFreijo @carlavizzotti Merkel leyendo esto. https://t.co/BpkWofUKel,0,26/06/2021 23:35:05,Trocheeee,0,https://pbs.twimg.com/media/E42IDdVXoAEAAqZ.jpg
297,"What's your Agenda #Obama? 

#NATO 
Netanyahu stepped down.
Jim Junior stepped down.
Merkel stepped down. 
All thre‚Ä¶ https://t.co/cB5GSaPsgq",0,26/06/2021 23:35:14,PollyD74563389,0,
296,"A Meg Ryan at√© podia falar ""achim"", mas ao p√© do Ferro era uma Angela Merkel https://t.co/XgWdWQ32EH",22,26/06/2021 23:35:22,_LuisSantos_,3,https://pbs.twimg.com/media/E42IHkkWQAYfrRj.jpg
295,SIMILAR A MERKEL JAJAJAJAJAJAJAJAJAJAJAJAJA https://t.co/dk0F5BQiPs,0,26/06/2021 23:35:26,BTurza,0,
294,@hiperfalcon Mientras tanto Merkel https://t.co/QxUc63kVNv,0,26/06/2021 23:35:27,Trocheeee,0,https://pbs.twimg.com/media/E42II8EWUAMBjVN.jpg
293,"@maternus Woher wissen sie √ºberaus unredlicher Mensch, dass islamistische Motive der Grund waren. Wie wiederlich es‚Ä¶ https://t.co/3sSDM3hIZJ",0,26/06/2021 23:36:35,drchristiankoh1,0,
292,STORCH vs. MERKEL: Unterschiedlicher kann die Meinung zu Ungarns ‚ÄûHomosexuellen-Gesetz‚Äú nicht sein https://t.co/b4wxZFBFRE via @jouwatch,0,26/06/2021 23:36:38,Ozonox,0,
291,Covid-19 updates: Merkel warns Europe is ‚Äòon thin ice‚Äô as concerns about delta variant grow https://t.co/sAVSrmCiQ5‚Ä¶ https://t.co/leP9ioBiDR,0,26/06/2021 23:36:39,WORLDDEBT,0,
290,"What's your Agenda #Obama? 

#NATO 
Netanyahu stepped down.
Jim Junior stepped down.
Merkel stepped down. 
All thre‚Ä¶ https://t.co/27ym8OuYPy",0,26/06/2021 23:37:07,PollyD74563389,0,
289,"En tiempos d inclusi√≥n y feminismo (del bueno), ser√≠a interesante para Colombia darle una oportunidad a una candida‚Ä¶ https://t.co/kMEKsnnna0",0,26/06/2021 23:37:15,flamarin629,0,
288,"#Mujeres #G20 Berl√≠n 2017 | Se encontraban la ministra de Canad√°, Chrystia Freeland, Ivanka Trump, Christine Lagard‚Ä¶ https://t.co/I68q4TMYuu",2,26/06/2021 23:37:41,sandraclivati,0,
287,@raminatuer @highichbinlars *schreie in die Kamera ‚ÄûFick dich Merkel!‚Äú*,2,26/06/2021 23:38:08,P8Greg,0,
286,@P8Greg @raminatuer *merkel ist traurig und spritzt dich biontech* https://t.co/hHQHXGzSOc,2,26/06/2021 23:38:39,highichbinlars,0,https://pbs.twimg.com/media/E42I3k6XEAMrpxj.jpg
285,"What's your Agenda #Obama? 

#NATO 
Netanyahu stepped down.
Jim Junior stepped down.
Merkel stepped down. 
All thre‚Ä¶ https://t.co/GbxFaUYx6l",0,26/06/2021 23:38:47,PollyD74563389,0,
284,@soyprati ¬øMerkel tampoco se ba√±a?,0,26/06/2021 23:39:12,nhriesgo,0,
283,"@bnf80 Ja.

Keiner wollte auf Merkel h√∂ren. Das war alles ein Geseiere und In-Den-Arsch-Gekrieche bei Konzernen. üò°ü§¢",0,26/06/2021 23:39:24,Ker8Mel,0,
282,@mariaFFreijo @carlavizzotti No la podes comparar con Merkel...por favor,0,26/06/2021 23:39:37,RomanoMu,0,
281,"German media fury at Merkel on Covid rules‚Äì 'She can jet to London, football fans can't' | World | News |‚Ä¶ https://t.co/Jl0PxmDnYn",0,26/06/2021 23:39:47,lakapartments,0,
280,"What's your Agenda #Obama? 

#NATO 
Netanyahu stepped down.
Jim Junior stepped down.
Merkel stepped down. 
All thre‚Ä¶ https://t.co/vnp8pwsabC",0,26/06/2021 23:39:52,PollyD74563389,0,
279,"La canciller alemana Angela Merkel recibi√≥ una segunda dosis de vacuna anticovid Moderna, tras una primera de Astra‚Ä¶ https://t.co/5XdmboymDc",0,26/06/2021 23:40:00,diariosur_oem,0,
278,"M√°s all√° de estq falopa que dijo, me encantar√≠a saber cual es el punto de encuentro entre estos que caretean ser pr‚Ä¶ https://t.co/X1cEFizUs1",2,26/06/2021 23:40:04,GonzaloM__,0,
277,"@mariaFFreijo ¬øCon un perfil similar al de Merkel?

¬øVos est√°s hablando en serio?

Una ministra que sali√≥ a dar un‚Ä¶ https://t.co/hBUf7yUq9w",0,26/06/2021 23:40:05,maxi_valentin,0,
276,"Just so you know, I'm a regal Angela Merkel boy toy, which is  pretty whatever.",0,26/06/2021 23:40:09,dumbbrags,0,
275,"@JoxyOk Deber√≠a pero no. Aparentemente vacunar a tus padres primero, tener 90.000 muertos, la cuarentena m√°s larga‚Ä¶ https://t.co/OjNx4mIykN",0,26/06/2021 23:40:20,s0rcerer,0,
274,@maternus Die Merkel kann doch nicht zum jedem Einzelfall Stellung nehmen. Woher die Zeit nehmen?,0,26/06/2021 23:41:19,Peter_Nater,0,
273,"@mariaFFreijo @carlavizzotti Qu√© fumaste?
Est√°s en tus cabales?
Vizzotti es un espanto...
Vos viv√≠s ac√° o en Marte‚Ä¶ https://t.co/65mkXeWig5",0,26/06/2021 23:41:36,MiqueridaArgen1,0,
272,@JustMelissa81 This idea must have come from Merkel the German's have less two kids per. Germany is to vaccinate the kids beginning July.,1,26/06/2021 23:42:50,Genarium1,2,
271,"@ThyFinalPain Ich hoffe, er nimmt endlich mal Kontakt auf. Nicht mal Merkel kann ich telepathisch wahrnehmen.. ü§∑‚Äç‚ôÄÔ∏è",0,26/06/2021 23:43:48,anouk_avf,0,
270,"German media fury at Merkel on Covid rules‚ÄìShe can jet to London, football fans can't' | World | News |‚Ä¶ https://t.co/15o8n6Ceww",0,26/06/2021 23:44:23,lakapartments,0,
269,"@maternus Was sollte Merkel sagen nach - Es ist egal ob ich schuld bin, jetzt sind sie halt hier? - Jetzt sind sie halt tot? Shit happens?",1,26/06/2021 23:44:42,GrafenWolfgang,0,
268,"@soyprati La palabra ""cuadrazo"" ya indica la tendencia del comentario. La Merkel argentina se hizo la desentida de‚Ä¶ https://t.co/cerYeedurD",0,26/06/2021 23:44:50,irriham,0,
267,"Gente, Angela Merkel tomou 2 vacinas diferentes.
Isso pode?",1,26/06/2021 23:45:22,LilWiederholen,0,
266,Look what Angela Merkel brought to Germany ‚Äî it‚Äôs what Biden is¬†doing https://t.co/GG9aKeYvcW,0,26/06/2021 23:47:19,indiesentinel,1,
265,I dont think Merkel liked our PMs explanation that the increase in infections had nothing to do with the Britsü§∑‚Äç‚ôÇÔ∏è,0,26/06/2021 23:47:38,1ens,0,
264,"German media fury at Merkel on Covid rules‚Äì 'She can jet to London, football fans can't' | World | News |‚Ä¶ https://t.co/wRKTBKBSry",0,26/06/2021 23:47:51,lakapartments,0,
263,"@welt Gott ,da w√ºnscht man sich einen Helmut Kohl oder Gerhard Schr√∂der zur√ºck !
Vielleicht kann man ja Frau Bundes‚Ä¶ https://t.co/8BYF33uVYn",2,26/06/2021 23:48:29,FxKraven,0,
262,@PeroniaRepublic Igualita a Merkel..... pero ensamblada en en Tierra del Fuego....üòÅ,0,26/06/2021 23:48:37,ENRIQUEIII6,0,
261,"@Santi_ABASCAL La mayor√≠a de la UE cierra filas contra la homofobia del Gb h√∫ngaro de Orb√°n.
Merkel, Macron, Draghi‚Ä¶ https://t.co/WfQf33haWT",1,26/06/2021 23:49:08,Lisa_Trebol,0,
260,"@wildcat1461 @oksymetolon @EMichalik Tyle, ≈ºe ci g≈Ç√≥wni politycy (typu Biden, Macron, Merkel, Morawiecki) majƒÖ wiƒôk‚Ä¶ https://t.co/cZnC7SZhDc",2,26/06/2021 23:49:09,Micha53907142,0,
259,"German media fury at Merkel on Covid rules‚Äì 'She can jet to London, football fans can't' | World | News |‚Ä¶ https://t.co/RPg5yndljH",0,26/06/2021 23:49:53,lakapartments,0,
258,"Nesta altura, h√° duas hip√≥teses:
- o que Ferro quer, √© a reforma. De tal maneira, que se est√° a c**** para tudo e t‚Ä¶ https://t.co/6h8oRPB3fH",4,26/06/2021 23:50:02,vitormribeiro,3,
257,@mariaFFreijo @carlavizzotti Como MerkelüòÇüòÇüòÇüòÇüòÇüòÇüòÇüòÇüòÇüòÇüòÇüòÇüòÇüòÇ el mejor chiste del dia,0,26/06/2021 23:51:18,andrade_martita,0,
256,@mariaFFreijo @carlavizzotti Candidateable? merkel? Y dio.  Que tomas?,0,26/06/2021 23:51:23,martinbozzini,0,
255,"@RegSprecher #Wuerzburg #W√ºrzburg 
    üïØÔ∏èüïØÔ∏èüïØÔ∏èüïØÔ∏èüïØÔ∏èüïØÔ∏èüïØÔ∏èüïØÔ∏è
üñ§""Frauen, wir trauern mit Euch!""üñ§

@RegSprecher #Merkel‚Ä¶ https://t.co/rqFluSEpkn",5,26/06/2021 23:51:26,Sagan931,5,
254,Pero merkel es capitalista y est√° impresentable socialista comunista etc etc https://t.co/T6RwEdh5mM,0,26/06/2021 23:51:32,fedevillaggi,0,
253,"@madorni Encima pone, que opinamos? Esta gente es consciente de lo que hace o dice? Tienen cerebro para comparar a la ministro con Merkel?",13,26/06/2021 23:51:40,SuscripC,1,
252,"@LibSoz Bei diesem Thema hab ich jetzt weniger an Moralismus gedacht. Aber ja, an Mutlosigkeit. Macron hatte eine g‚Ä¶ https://t.co/kKKvg9QEk4",0,26/06/2021 23:51:55,iriswasapupil,0,
251,Iv√°n abusa con su antena de √Ångela merkel,1,26/06/2021 23:52:02,Casama0112,0,
250,"No sab√≠a q el t√≠tulo q tiene esa se√±ora!.. 

Angela Merkel, doctora en qu√≠mica cu√°ntica y original de Alemania orie‚Ä¶ https://t.co/tAhIys7GwT",0,26/06/2021 23:52:28,braca41,0,
249,"@OrwellGeorge Yo cre√≠a que era una joda li que dec√≠a de Vizzoti, pero parece que lo dice convencida. Puede ser fan√°‚Ä¶ https://t.co/sffCqVbuyK",0,26/06/2021 23:53:21,hermosacv,0,
248,"@welt Es geht darum den ungeimpften Angst zu machen damit sie sich impfen lassen das Motto war ""Pandemie ist erst z‚Ä¶ https://t.co/9K46TO7SzU",0,26/06/2021 23:54:03,MoonStar1923,0,
247,@Joyce_Karam Respect and appreciation for a very solid and decent and honest world leader.  Thank you Angela Merkel.,8,26/06/2021 23:54:24,FelaProducer,1,
246,"Si, igual a la Merkel!!
No le llega ni a los talones,dir√≠a mi abuela!!
Aunque ..... en cuanto a la ropa,bueno...,te‚Ä¶ https://t.co/NZPZav9HlG",0,26/06/2021 23:55:46,MMariagrasset,0,
245,"@dr_koko28 Biar kaya tante merkel ya dok, astra-moderna beliau.. Nah dok kan saya astra kemarin, terus ini lg posit‚Ä¶ https://t.co/mptvWD1NTY",1,26/06/2021 23:56:37,liranti,0,
244,"@KarenKoetje Estado Isl√°mico se cre√≥ en Venezuela, ISSIS tambi√©n,todos fueron entrenados en campamentos especiales,‚Ä¶ https://t.co/ISr3MPghtI",1,26/06/2021 23:56:38,osorinhitol,0,
243,Merkel and Macron are accused of hypocrisy over push to keep Brits out of Europe this summer https://t.co/GwN6QHULmT,0,26/06/2021 23:57:11,healthmedicinet,0,
242,@VikingoArgentum Si Vizzotti es Merkel yo soy la Madre Teresa de Calcuta.,1,26/06/2021 23:57:41,euvaras,0,
241,@patriotguncrew @EscanorNew Merkel looks like she's got a crush on Trump! üòä,0,26/06/2021 23:58:14,LLombardo77,0,
240,"@PlatinumCat @SpittinVenoms @Snowden I didn‚Äôt know Merkel was a terrorist. Exciting! 

https://t.co/HM0F2Hp4Dj",8,26/06/2021 23:59:05,WillCh4ngeLater,1,
239,"@krstdt @JuLiBrandenburg Matti Karstedt, der Merkel der JuLis Brandenburg (von der Anzahl Amtszeiten an der Spitze)‚Ä¶ https://t.co/bLgNr72fum",4,26/06/2021 23:59:21,ArebsYakumo,0,
238,@madorni Convengamos que tiene un sobrepeso similar a Merkel...,0,26/06/2021 23:59:59,coquiwest,0,
237,"@MorawieckiM 
Po dzisiejszej przemowie w Trzebini.. BRAWO !
Nie pozostaje nic innego jak tylko powiedzieƒá z dumƒÖ ""J‚Ä¶ https://t.co/9IP7S4d9nn",0,27/06/2021 00:00:15,ZwyklyPatriota,0,
236,@SteveSchmidtSES I have had so much admiration and respect for Angela Merkel for such a long time. She's had a grea‚Ä¶ https://t.co/WUAPE4fZHn,6,27/06/2021 00:00:36,AliBarbershop,0,
235,@madorni Merkel??? https://t.co/xoKl6NiTzu,1,27/06/2021 00:00:41,lorenalupi,0,https://pbs.twimg.com/tweet_video_thumb/E42N6K4WUAEnWSU.jpg
234,@mariaFFreijo @carlavizzotti 93 mil muertos. 9% de la poblaci√≥n vacunada a semanas de la llegada de la variante Del‚Ä¶ https://t.co/kWB4qr4zsc,0,27/06/2021 00:00:42,Gonzadd,0,
233,"@mariaFFreijo @carlavizzotti F√≠sicamente se parece a Merkel, no viste como ella; es cient√≠fica, se valora, solo que‚Ä¶ https://t.co/t8fP51TEki",1,27/06/2021 00:01:01,OcoteSaltenas,0,
232,"@martincarrizo_ juaaaaaaaaaaaaaaaaaaaaaaaaaaaaaaaaaaaa , Merkel jam√†s tapar√¨a el robo de vacunas , el vacunatorio v‚Ä¶ https://t.co/ZKRGgUN3Bs",0,27/06/2021 00:01:56,adrianaestiga19,0,
231,"""Wir schaffen das"" 
This is the German version of Obama's phrase 'Yes, we can', copied by Frau Merkel in 2015 to we‚Ä¶ https://t.co/aVP0E5c1j3",1,27/06/2021 00:02:47,PaulRev41890029,1,
230,"@mxrvndl @ThomasTomy123 Laschet ist sovieles liberaler als Baerbock, S√∂der und Merkel.",0,27/06/2021 00:03:06,smbraun,0,
229,"Jorge, a Sputnik ya la han reconocido maestros de med, journals como the Lancet y la propia Angela Merkel. Mi hna e‚Ä¶ https://t.co/GREK6hmivo",2,27/06/2021 00:03:50,JSPValencia,1,
228,@naderalihashemi @NegarMortazavi @DannyPostel Angela Merkel famously said ‚Äú we can do this!‚Äù when she opened German‚Ä¶ https://t.co/CP38BCB4oh,15,27/06/2021 00:04:42,UnPressed,3,
227,@Julioac13 Vizotti parecida a Merkel... Muy fuerte!!! Flor comi√≥ hongos alusinojenos ü§™ü§™ü§™ü§™ü§™ü§™ü§™cucumelos...,1,27/06/2021 00:04:45,fmittelmarenco,0,
226,"La ""Merkel"" argentina vino fallada, acaba de comprar 24 millones. 

#GobiernoCriminalyCorrupto https://t.co/Gs2JnUGnxq",0,27/06/2021 00:05:19,Pau_ar7,0,
225,@OsterhalVon Auf das Polen Merkel und der EU in den Arsch tritt. Merkel raus und Dexit jetzt,1,27/06/2021 00:06:45,PumpCryptoVegan,0,
224,Angela Grain Merkel,0,27/06/2021 00:07:31,RiderOfRohan_,0,
223,@lewinskylou2 Met de inclusieve groeten van #Merkel,6,27/06/2021 00:07:50,NasiPils,2,
222,@Plaid_Merkel Taz in America and Europe,0,27/06/2021 00:07:55,UdaySaddam4,0,
221,"‚ÄúCon un perfil similar al de Merkel‚Äù @VickoAlonso  ü§£ü§£ los k son como los enamorados , ven Brad Pitt a cualquier Bag‚Ä¶ https://t.co/VXdstxCkMb",0,27/06/2021 00:08:49,Yasminiglesias,0,
220,"@mariaFFreijo Por favor respeta a la sra Merkel , es una estadista, compararla con Vizzotti  con la payasa , para e‚Ä¶ https://t.co/RRMmU07CnD",0,27/06/2021 00:09:05,claritacingo,0,
219,"Three people dead, at least five seriously wounded in mass stabbing attack by a Somali immigrant in W√ºrzburg, Germa‚Ä¶ https://t.co/qJwagrSYsZ",0,27/06/2021 00:09:16,PaulRev41890029,1,
218,"FRAU MERKEL,
SIE ALLEINE SIND F√úR DIE TOTEN VON W√úRZBURG VERANTWORTLICH! https://t.co/4ZGMUY3YBR",0,27/06/2021 00:09:24,Ozonox,0,https://pbs.twimg.com/media/E42P51IXEAIw9U3.jpg
217,@RC_Her Merkel ü§£ü§£ü§£ü§£ü§£ü§£,1,27/06/2021 00:10:17,evagatter,0,
216,Nach letzter Regierungserkl√§rung: Alice Weidel teilt gegen Angela Merkel aus https://t.co/gRAjOKvxUt,0,27/06/2021 00:10:54,merkur_de,0,
215,"@SammyMahdi Zie in Duitsland alweer eens; dode nr zoveel op Merkel haar geweten. 
En ze stonden zo hard te juichen‚Ä¶ https://t.co/yy7Z4j3E3h",0,27/06/2021 00:11:07,Addertje12,0,
214,Covid-19 updates: Merkel warns Europe is ‚Äòon thin ice‚Äô as concerns about delta variant¬†grow https://t.co/EaN9UqYTE8,0,27/06/2021 00:11:19,newslivereport,0,
213,"@mariaFFreijo @carlavizzotti Cualquir comparaci√≥n debes hacerla con pa√≠ses africanos .. 
   Hacerla con pa√≠ses del‚Ä¶ https://t.co/KETuO0XFqe",0,27/06/2021 00:12:29,Darth_Menteith,0,
212,"@beanjammin But to be totally transparent, I was totally chuffed when I found out Merkel got her second shot the sa‚Ä¶ https://t.co/cKMWuigDtd",0,27/06/2021 00:12:32,bataille_chris,0,
211,@TurkishFacts4U merkel is riding them hard,0,27/06/2021 00:12:51,Yunus83,0,
210,"@sunstar1606 @reitschuster Seibert?

Kann der das √ºberhaupt? Muss der nicht  H√§ndchenhalten bei Frau Merkel &amp; Herrn Spahn?",0,27/06/2021 00:13:54,Commander_Flynn,0,
209,"@DernbachNoa @SchmittJunior Merkel war f√ºr die Kopfpauschale. Die fand sogar Seehofer so emp√∂rend unsozial, dass er‚Ä¶ https://t.co/5dFla3NFaE",0,27/06/2021 00:13:58,waxy1990,0,
208,@karina_vogel_de @_donalphonso Merkel kann viel besser stundenlang √ºber die Rolle der Bedeutung labern.,0,27/06/2021 00:14:07,GrafDerland,0,
207,@SkyNewsAust @aclennell Don‚Äôt you realize that your politicians are f‚Ä¶. Australia like Merkel is f‚Ä¶. Germany. They‚Ä¶ https://t.co/Gw0o9cXFL7,0,27/06/2021 00:14:11,PumpCryptoVegan,0,
206,@madorni Despu√©s de un buen Faso...es re Merkel,1,27/06/2021 00:14:32,AmericoParreno,0,
205,"@Merkel_Gordan ! Ïùë, ÏïåÎ†§Ï§ò. Î≠îÎç∞? Ïû¨Î∞åÎäî Í±∞Ïïº? ÏïÑÎãàÎ©¥ ÏßÑÏßú ÎπÑÎ∞ÄÏä§Îü¨Ïö¥ Í±∞Ïïº?",0,27/06/2021 00:14:36,_LOVEPROOF,0,
204,@mariaFFreijo @carlavizzotti Merkel ?jaajaja,0,27/06/2021 00:17:00,danielmartin_10,0,
203,@Ale_IT_CA @pinkbassist @CBCAlerts @JustinTrudeau I feel better now that Angela Merkel mixed doses. And Iceland jus‚Ä¶ https://t.co/BJb2YJHNrC,1,27/06/2021 00:17:02,tackabel,0,
202,"@DrDavidBerger @StBrandner Polizeibekannt u. illegal hier lebend, das ist des √úbels Kern, nur das u. daf√ºr gibt es‚Ä¶ https://t.co/0PxpmLjNHg",3,27/06/2021 00:17:20,versuchmachtkl1,0,
201,@madorni Merkel es la que se manda por el tabique esta subnormal,0,27/06/2021 00:17:37,Erudain1,0,
200,@oszillantin merkel,1,27/06/2021 00:18:19,GuillotineTea,0,
199,Boris Johnson to urge Angela Merkel to DROP EU-wide quarantine for Brit tourists as UK leads Covid strain¬†research https://t.co/ji6OF8oNB6,0,27/06/2021 00:18:36,BuzzArea,0,
198,@BeronRex @mariaFFreijo @carlavizzotti Ac√° nuestra Merkel en acci√≥n https://t.co/XjXjIlrhRi,0,27/06/2021 00:18:45,Gabriel38722118,0,https://pbs.twimg.com/ext_tw_video_thumb/1408942701723238402/pu/img/hc-jF8laSXrVY3vs.jpg
197,"@madorni Si Vizzotti es lo m√°s parecido que tenemos a Merkel, entonces Francella debe ser lo m√°s parecido que tenemos a Rambo.",10,27/06/2021 00:19:02,AyuRogers,0,
196,@mariaFFreijo @carlavizzotti La de merkel que te habr√°s metido por la nariz para decir semejante pelotudez.,0,27/06/2021 00:19:38,Conspira_Noicos,0,
195,"@JtBLANC mdr le tacle de merkel, putain c'est bien fait la vid√©o remix :)",1,27/06/2021 00:20:51,XxIsyliumxX,0,
194,Se corta un ovario Merkel si ve este tw. Vergebung Merkel. üôèüèº https://t.co/VKIlTlLrm0,1,27/06/2021 00:22:10,sofialavilla,0,
193,@berlich Te puedo ofrecer una Merkel sudaca?,0,27/06/2021 00:23:41,Gabriel38722118,0,
192,https://t.co/8aDTxMZaJE: Alemanha despediu-se de √Çngela Merkel https://t.co/pMQ1buk8es,0,27/06/2021 00:24:03,EdsonVidigal,0,
191,@adrian1farrell @business @GretaThunberg @UKLabour Just the green party not the green movement. The head of the gre‚Ä¶ https://t.co/saz73b9fcY,0,27/06/2021 00:24:15,AngliaJohnny,0,
190,"@mariaFFreijo @carlavizzotti ""Invertimos en educaci√≥n los ignorantes nos cuestan mucho dinero# Angela Merkel",0,27/06/2021 00:27:01,gabibuenosaires,0,
189,"@argonerd Ja, lassen wir die Schablone weg und nehmen gleich die anderen. Danke Merkel. Oder so.",0,27/06/2021 00:27:21,thisisgordons,0,
188,"@SteveSchmidtSES Angela Merkel is a gem. 
A lighted on our way through the dark tunnel of Trump.",2,27/06/2021 00:27:25,dogskidsncake,0,
187,"@PabloOliveraDaS @nrazzani comparar esta inutil y criminal de la @carlavizzotti con Merkel es una burrada, si es ta‚Ä¶ https://t.co/1b2aUycHvT",0,27/06/2021 00:27:59,hartodelosK,0,
186,"@rusosnith Merkel combin√≥ Astrazeneca y Moderna
https://t.co/BXaLQzpglF",1,27/06/2021 00:30:06,amaliacapdevila,0,
185,"Vidal, se cree Merkel? bajate del banquito, desapareciste a√±o y medio y ahora venis con √≠nfulas.  Apoyamos a‚Ä¶ https://t.co/5Fjm8EDjsD",1,27/06/2021 00:30:48,Lilianlart,0,
184,"@WillCh4ngeLater @SpittinVenoms @Snowden Merkel grew up/ was educated/ had career in the DDR.
Still insists on coop‚Ä¶ https://t.co/9a6OeRalTE",0,27/06/2021 00:31:57,PlatinumCat,0,
183,"Comparar a la √±era remedo de alcalde con la MERKEL q desprop√≥sito, los medios q enaltecen esa menci√≥n sin credibili‚Ä¶ https://t.co/qxWuqojchL",0,27/06/2021 00:32:01,Hraton,0,
182,@TalwaechterDD @landnrw @ArminLaschet Die Paniktreiber sind wohl eher im Zirkel um Merkel/S√∂der und BMI zu finden.‚Ä¶ https://t.co/jOIB4q2Q7D,1,27/06/2021 00:32:40,Nikolau46844087,0,
181,"Armin Laschet dem ¬ªMerkel-Lager¬´ in der Union zuzurechnen, w√§re eine gef√§hrliche Verharmlosung.",3,27/06/2021 00:34:00,norbakus,0,
180,"@Reisinger_Lord danke, aber unter Merkel sind wir alle nie wirklich frei",7,27/06/2021 00:34:09,LeviLupez,0,
179,"@a_cr0issant @TheOmniLiberal Yes. This is probably what Merkel wants to do in private, she just cant say that publicly.",0,27/06/2021 00:34:13,CEconomicsnerd,0,
178,We all need to have a solidarity with Germany that the Islamic terrorist attack the innocent people. The German gov‚Ä¶ https://t.co/ttuSHkqTVq,0,27/06/2021 00:34:53,JesseDelgadoCr1,0,
177,"With @bjennen1 , my look at the state of play on negotiations on Nord Stream 2. Deal with Germany expected by Augus‚Ä¶ https://t.co/F0sdGGIafr",5,27/06/2021 00:35:08,nwadhams,4,
176,"@SteveSchmidtSES Angela Merkel's remarkable leadership, coupled with her intelligence and humility, will be sorely missed.",12,27/06/2021 00:37:04,LorenaDigital,0,
175,"@NiemaMovassat @jaquearnoux Daran ist u.a Helge Braun, Frank Walter Steinmeier und Angela Merkel schuld!

Das hat m‚Ä¶ https://t.co/XfK9jJBPKx",0,27/06/2021 00:37:45,JustinBergen14,1,
174,Suzan DelBene is an Angela Merkel Democrat,0,27/06/2021 00:37:56,aDemocratBot,0,
173,¬øEs √Ångela Merkel una esp√≠a rusa? Debate serio.,1,27/06/2021 00:39:09,SebastianPaliz1,0,
172,@mariaFFreijo @carlavizzotti La que tomas se te venci√≥ me parece! Merkel? Jajajaja,0,27/06/2021 00:39:18,Marina22laplata,0,
171,@mariaFFreijo @carlavizzotti Merkel sali√≥ con la payasa Filomenken?,0,27/06/2021 00:39:27,joseluisfern962,0,
170,@diazmillan Angela Merkel es mi crush üòª,1,27/06/2021 00:39:57,MrRolingson,0,
169,@mariaFFreijo @carlavizzotti Ser√° joda. Alguien con dos dedos de frente no puede decir semejante bol.... Capacidad‚Ä¶ https://t.co/V30hX9gMLN,0,27/06/2021 00:40:22,gabimoralli,0,
168,"@maternus Nun, es gab auch andere M√ºtter, die aufgrund einer gewissen Politik keine Kinder mehr haben. Merkel schwe‚Ä¶ https://t.co/MwU8yNF8yK",6,27/06/2021 00:40:28,Minderheit3,1,
167,@madorni Si. Creo q Merkel envidia a Vizzoti.  Y tambi√©n Kamala Harris,0,27/06/2021 00:40:32,NorbertoGuerri1,0,
166,@LeviLupez Merkel kann den Bauern Wasser bringen gegen,7,27/06/2021 00:40:48,Reisinger_Lord,0,
165,@Joyce_Karam @flemingjude Merkel? Good riddance!,2,27/06/2021 00:40:55,Katya_Compass,1,
164,"@MullicaMichelle @davematt88 I loved it when she said, ""Ciao! Come stai?"" to a group of Italian children. Ever hear‚Ä¶ https://t.co/DdGgjr8PGZ",1,27/06/2021 00:41:22,LeftYvonne,0,
163,"@_enough_a Manynak tezler y√ºz√ºnden kime oy vereceƒüiz diye d√º≈ü√ºn√ºrken, Merkel'e mi versem diyordum oda se√ßimlere kat‚Ä¶ https://t.co/9ngwlC1uZZ",1,27/06/2021 00:41:30,forwart3,0,
162,@Cute_Lil_Owl @watch_union Die Studie der nicht gerade SPD-nahen Bertelsmann-Stiftung (siehe Video) kommt zum gegen‚Ä¶ https://t.co/76VpXRTHSc,0,27/06/2021 00:42:13,clegruen,0,
161,@SteveSchmidtSES I didn't always agree with Angela Merkel's politics but I did have respect for her and her steadfa‚Ä¶ https://t.co/jOUYeb8wXW,65,27/06/2021 00:43:01,AntifaVoter,6,
160,@fomaione @CPHO_Canada @OttawaHealth I went AstraZeneca 1st and Moderna 2nd and so did Angela Merkel. We are in ver‚Ä¶ https://t.co/LZRn02jzFk,7,27/06/2021 00:43:11,canada_nice,2,
159,"@NiemaMovassat @jaquearnoux R√∂der sollte mal das Buch""Die M√§nner hinter Merkel"" schreiben!

https://t.co/mAUWFimEL0",0,27/06/2021 00:43:23,JustinBergen14,0,
158,@mariaFFreijo @carlavizzotti Deja la bebida linda. Merkel es una eminencia en ciencias y una gran primer ministro.‚Ä¶ https://t.co/7W5emmoU20,0,27/06/2021 00:44:11,Mferretti11,0,
157,"@mariaFFreijo @carlavizzotti Si ac√° gobernara Merkel, les dar√≠a una patada en el traste a todos los caza carguitos como vos, polit√≥loga",0,27/06/2021 00:44:17,jeancardone,0,
156,@mariaFFreijo @carlavizzotti Espero que lo tuyo sea un chiste!!!  No le llega ni a la suela de los zapatos a Merkel!!,0,27/06/2021 00:44:27,Bea55817511,0,
155,"@Merkel_Gordan ÏôÄ, Ï†ïÌôïÌñàÎÑ§. Ï†ÄÍ±∞ Ïì∞Í≥† ÎÇú Î∞îÎ°ú Ïû§Ïñ¥.",0,27/06/2021 00:44:54,Valerian_ALPHA,0,
154,"@Ismailtipi meines Erachtens habt ihr seid Merkel noch nie richtig reagiert, es braucht auch keine runden Tische me‚Ä¶ https://t.co/eQLVIROQYs",0,27/06/2021 00:45:22,franzh915,0,
153,@Acyn How bout Merkel or Boris?  ü§£ü§£ü§£,0,27/06/2021 00:45:56,gioman62,0,
152,Merkel ensamblada e. Tierra de Fuego https://t.co/ONeLmyk940,0,27/06/2021 00:46:14,balita_5,0,
151,@bweglarczyk Merkel done nothing for Poland so she can get lost.,0,27/06/2021 00:46:20,pytraczyk,0,
150,@mariaFFreijo Puede gustarte mucho su gesti√≥n. Pero compararla con Merkel que est√° pidiendo por Los derechos humano‚Ä¶ https://t.co/zWOjcyZ0Ep,0,27/06/2021 00:46:40,perfumedeaniz,0,
149,"Ataque al presidente de Colombia: Del video se desprende:
- 2 fusiles grueso calibre pero calibres diferentes.
- Ti‚Ä¶ https://t.co/jxArCP0Pc1",2,27/06/2021 00:46:52,Aresinfoservice,0,
148,"@Alejasierrap En nuestro pa√≠s Cristina Kirchner gobern√≥ ""a lo hombre"". Por eso sus quejas q mucho le costaba.
A Mer‚Ä¶ https://t.co/Bu06q0sfL2",0,27/06/2021 00:47:42,vasudevakamaswa,0,
147,More on #Germany - says he gets on well with ‚ÄúAngela‚Äù (Merkel) - but says Europe ‚Äúscrews us‚Äù on trade - criticizes contributions to #Nato,0,27/06/2021 00:47:50,suzannelynch1,0,
146,"–î–ª—è –∫–∞–Ω—Ü–ª–µ—Ä–∞ –ì–µ–µ—Ä–º–∞–Ω–∏–∏ —Å–∞–º–º–∏—Ç –ï–≤—Ä–æ—Å–æ—é–∑–∞ –±—ã–ª¬†–±—ã, –≤–µ—Ä–æ—è—Ç–Ω–µ–µ –≤—Å–µ–≥–æ, –ø–æ—Å–ª–µ–¥–Ω–∏–º –Ω–∞¬†–Ω—ã–Ω–µ—à–Ω–µ–º –ø–æ—Å—Ç—É.
https://t.co/a3QwFelkkJ",1,27/06/2021 00:48:14,5tv,1,
145,"Something weird about Germany, a slight to Angela Merkel

Big applause for making Jerusalem the capital of Israel‚Ä¶ https://t.co/KsyqDfe2PM",24,27/06/2021 00:48:41,LauraJedeed,1,
144,"@mariaFFreijo Es evidente que tus comparaciones dejan much√≠simo que desear, sobre todo si te jact√°s de ser polit√≥lo‚Ä¶ https://t.co/qtRPHvScgT",0,27/06/2021 00:48:41,alejandro511955,0,
143,"@dcremer_ Komisch, Typen wie Sie ignorieren die Opfer https://t.co/YPxFAIu1MI",0,27/06/2021 00:49:25,Minderheit3,0,
142,KNALLHART! Mer¬≠kel GIBT ES ENDLICH ZU! ‚Äì YouTube https://t.co/D20Q161tc5,0,27/06/2021 00:49:51,ha_zett,0,
141,"@NikoM2301 @ainyrockstar Wenn dies eine Wei√üer mit Schwarzen machen w√ºrde, m√º√üten wir uns wieder BLM &amp; sonst so ein‚Ä¶ https://t.co/Wo3Mc8Dw7R",7,27/06/2021 00:50:32,SteveMi42686670,4,
140,@Ohrwurm14 @mapias15 @Joycemar_pc Muy bien Angela Merkel.,0,27/06/2021 00:51:03,FrederickRubeth,0,
139,@enginenkal @SehriniznValisi @abdibaktur Almanya Ba≈übakanƒ± Merkel ilkinde Astrazeneca ile ikinci doz olarak Moderna‚Ä¶ https://t.co/V2DW9E3SAh,0,27/06/2021 00:51:07,esra_nrn,0,
138,@mariaFFreijo @carlavizzotti Yo estoy mas cerca de parecerme a Messi que ella a Merkel.,0,27/06/2021 00:52:22,ImBarbi,0,
137,"@Ileri_Jaiy14 From what I can tell, we should still keep our masks on, even while fully vaccinated.‚Ä¶ https://t.co/2zDShlfCJ8",1,27/06/2021 00:53:17,fadumzz,0,
136,@BaldingsWorld Did you see trump‚Äôs comment about merkel‚Ä¶ rather prescient of you,0,27/06/2021 00:53:19,usgeneral25,0,
135,"Naaaaaa,imaginate lo que puede importar a Merkel la opini√≥n de ina chiruza argenta! https://t.co/P6Ye2ij91I",0,27/06/2021 00:55:02,GriseldaLerda,0,
134,"Comparar a Merkel con la inepta ministra de salud, es imposible, es mezclar lo deseable con lo indeseable, lo efici‚Ä¶ https://t.co/Zj7N0dni4C",0,27/06/2021 00:56:31,Siripo11,0,
133,@BILD Ein Land in dem wir gut und gerne Leben! Na ja Merkel ! Die hat ja ihre Besch√ºtzer,0,27/06/2021 00:58:11,HiltRosina,0,
132,@Dr_Konservativ Frau Merkel und gro√üe Teile der Union sind aber halt auch nicht konservativ.,0,27/06/2021 00:58:12,smbraun,0,
131,"#Merkel lost patience?
Doesn't that sound familiar, last time it happened the population of #Poland went from ~35 m‚Ä¶ https://t.co/To6V0X11MZ",14,27/06/2021 00:58:39,hobbyath,5,
130,"@capcentral Vidal, se cree Merkel? bajate del banquito, desapareciste a√±o y medio y ahora venis con √≠nfulas. Apoyam‚Ä¶ https://t.co/j59JuupPgE",0,27/06/2021 00:59:38,Lilianlart,0,
129,"#LoM√°sVisto La canciller Angela Merkel recibi√≥ su segunda dosis contra el #COVID19 

#AbreLosOjos @ElOpinadorTV por‚Ä¶ https://t.co/uXe9uNT2S2",16,27/06/2021 01:00:00,imagenZea,4,
128,"@alciyon Non, jamais au grand jamais Merkel ne reconna√Ætra qu'elle a commis une faute en ouvrant les portes de l'Allemagne aux migrants.",7,27/06/2021 01:00:09,Rofrano47,2,
127,@djauregui66 El pollito desvalido y mojado de ayer que inspiraba l√°stima ¬øhoy se cree √Ångela Merkel?,1,27/06/2021 01:00:45,Jorgelv52568785,0,
126,@HGMaassen Merkel geh√∂rt auf Anklagebank,0,27/06/2021 01:01:23,HiltRosina,0,
125,@Michael_Leh Ich hab noch nichts von #Merkel oder #Steinmeier geh√∂rt.üòû,3,27/06/2021 01:01:49,bettina_CLB,0,
124,@AhmedBaba_ Was he just saying Angela wrong when talking about Angela Merkel! LOL!! He is still a fucking nut!,0,27/06/2021 01:01:57,QueenSeaMonkey2,0,
123,Angela Merkel vai p√≥ caralho,8,27/06/2021 01:02:22,iines_as,1,
122,Angela Merkel ist eine GmbH Marx¬¥.,0,27/06/2021 01:02:22,GmbhDeutschland,0,
121,@tagesschau Danke Frau Merkel !,0,27/06/2021 01:03:00,Brbel64906220,0,
120,@IngGonzaloCort2 Cero s√≠ntomas. Angela Merkel se vacuno con aztraZeneca,1,27/06/2021 01:03:04,manolo_exilio,0,
119,@mariaFFreijo @carlavizzotti Est√°s escribiendo en serio???? Ese payaso mentiroso comparado con √Ångela Merkel?,0,27/06/2021 01:03:04,JCpatagonia,0,
118,Boris Johnson in holiday showdown with Angela¬†Merkel https://t.co/GdegJGfjuP,0,27/06/2021 01:03:58,ali2dayus,0,
117,Boris Johnson in holiday showdown with Angela¬†Merkel https://t.co/hjz8cGOoJP,0,27/06/2021 01:03:59,NewsOfAmerica4,0,
116,"Macron, Merkel, qu'en pensent ils? Eux qui ne cessent d'importuner la Hongrie? https://t.co/Iy18CzGmrl",2,27/06/2021 01:04:39,NicoleARNAUD9,0,
115,@mariaFFreijo @carlavizzotti Comparala con la Pradon no con La Sra Merkel,0,27/06/2021 01:04:56,jorgeiuorno22,0,
114,Merkel mach Unite wieder auf,8,27/06/2021 01:05:04,SelcaAbi,0,
113,Las cien cumbres de Merkel https://t.co/IYxl7hSRpt a trav√©s de @YouTube,1,27/06/2021 01:05:04,nicnun183,0,
112,"GView Modified Heat Winners - Hines, Merkel, Kratz, Biehn",2,27/06/2021 01:05:33,SShields24,1,
111,"Carroll Hines, Cory Merkel, Mark Kratz &amp; Eric Biehn win the Modified heats @gviewspeedway",1,27/06/2021 01:06:49,DTDMike,0,
110,@mariaFFreijo @carlavizzotti Vos dec√≠s que Merkel hubiese tenido un vacunatorio VIP o hubiese sido tan pelotuda de‚Ä¶ https://t.co/FVhrDVgtS7,0,27/06/2021 01:07:13,guidomr,0,
109,https://t.co/LMNnj7umU2,0,27/06/2021 01:07:19,luck999991,0,
108,@edwardcieslar @cezarykrysztopa @dw_polski Nie wiemy jak siƒô sko≈Ñczy. Natomiast wiemy jak siƒô sko≈Ñczy≈Ço wprowadzani‚Ä¶ https://t.co/REGR4WiMZT,5,27/06/2021 01:07:30,IzaBadura,0,
107,@maxdelfa @AntoColo6 Perfil similar a Merkel....? Jajajajaja https://t.co/UQBNgip5Sw,0,27/06/2021 01:08:04,Aice60,0,https://pbs.twimg.com/media/E42dVJYXMAEpXsD.jpg
106,"Und warum Frau Merkel?

Tic Tac Toe mal anders... 

#Merkel #Merkelmussweg #nurnochAfD #Wuerzburg @AfD‚Ä¶ https://t.co/xtQjMTJKij",1,27/06/2021 01:09:33,NasiPils,0,
105,@AfD_Muenster @AfDFilme @AfD_Wuerzburg #W√ºrzburg #Attentat #migration #Merkel #Wirschaffendas #grenzendicht #BTW21‚Ä¶ https://t.co/xkSrEzuT5b,110,27/06/2021 01:09:43,AfDOsnabrueck,41,
104,"@mariaFFreijo @carlavizzotti Topadora, puede ser, con esa carga adiposa‚Ä¶ ¬øde qu√© est√°s hablando, cuadrazo? Por tama‚Ä¶ https://t.co/Ok1utfyGbe",0,27/06/2021 01:09:57,jupugli,0,
103,"@bzberlin Danke Merkel, f√ºhle mich kulturell bereichert. Und der Rest der Politiker kann sich die Mitgef√ºhlheuchelei sonstwohin schieben",1,27/06/2021 01:10:11,lieder_a,0,
102,"@Steffen14434180 @VikingRohan Kriminelle sind aus allen internationalen Asylvereinbarungen explizit ausgenommen. 
D‚Ä¶ https://t.co/0Un9jO5bYZ",1,27/06/2021 01:11:19,TradingEthix,1,
101,The World loses when Merkel goes. She's been brilliant. https://t.co/8igZtfkp6K,0,27/06/2021 01:11:32,grobaniteblue,0,
100,"@Nutzernameneu Und Merkel
Und Kretschmann
Und Spahn
Und Und Und....",3,27/06/2021 01:12:20,ELEFANTENBABY1,0,
99,@joseluisxyz @Axel_corbin @alfredoperseo @NacionalRomo @agusantonetti Claro. Eso es estar del lado de un pa√≠s. O se‚Ä¶ https://t.co/J48ZTVitnK,3,27/06/2021 01:12:41,GustavoMolvert,0,
98,merkel wann wird das opium legal?,16,27/06/2021 01:13:15,christusbrezel,0,
97,"@GermanyDiplo @GermanyinUSA 
Thank you for Angela Merkel. Stability. Rationality. Democracy. She‚Äôs been a light in dark times.",0,27/06/2021 01:14:18,newusadream,0,
96,"It was a plan to make themselves money for the rest of their lives. 
I was Retail. 
Jacob, is that why she's Rockef‚Ä¶ https://t.co/KxvmAlhoCQ",0,27/06/2021 01:14:32,PollyD74563389,0,
95,"Well, the film actually does a pretty good job of showing how Eurasia has evolved as a place https://t.co/43pb9QsfFJ",0,27/06/2021 01:15:01,MichelARenard,0,
94,Dabei sah er doch so schutzbed√ºrftig aus als Mama Merkel ihm ein Zuhause gab ... https://t.co/ehdFYwnVvY,137,27/06/2021 01:15:15,rockefellaG,21,https://pbs.twimg.com/media/E42ezJ3WQAUX70_.png
93,@mariaFFreijo @carlavizzotti Me parece que Merkel usa un poco m√°s de jab√≥n y shampoo,0,27/06/2021 01:17:17,leanDeZonaSur,0,
92,@BeaBohne Das wird #Merkel zu verhindern wissen.,0,27/06/2021 01:18:16,NLPete007,0,
91,"It was a plan to make themselves money for the rest of their lives. 
I was Retail. 
Jacob, is that why she's Rockef‚Ä¶ https://t.co/TXMGTKGXPI",0,27/06/2021 01:18:34,PollyD74563389,0,
90,"@inightingale69 This documentary, ""In the Name of God"", summarizes the Rwanda Genocide. It involves the interventio‚Ä¶ https://t.co/sggTszvno5",0,27/06/2021 01:18:59,Martn45877692,0,
89,"@mausant2010 @250ale @mariaFFreijo @carlavizzotti Einstein o burro? Mientras te pones de acuerdo, leete el tuit ant‚Ä¶ https://t.co/hpDy8yPheZ",0,27/06/2021 01:19:23,bochibu,0,
88,@MinPres wordt dit nu weer huilen in de EU met Merkel en @SigridKaag ?  https://t.co/OVpUsWEsQM,0,27/06/2021 01:21:15,Movement_6,0,
87,@Lusa_noticias A Sra Merkel n vai em cantigas...tem c√©rebro.,0,27/06/2021 01:21:24,xanecamaria,0,
86,"@mariaFFreijo @carlavizzotti Similar a merkel? Sera en  lo antier√≥tico, porque otra cosa no se me ocurre.",0,27/06/2021 01:22:03,pechofrio81,0,
85,"It was a plan to make themselves money for the rest of their lives. 
I was Retail. 
Jacob, is that why she's Rockef‚Ä¶ https://t.co/XoHznr633q",0,27/06/2021 01:22:28,PollyD74563389,0,
84,"@therealbuni Jajajaja merkel vacuno a los padres, mientras meaba al resto de los ciudadanos tambien?",1,27/06/2021 01:22:44,Desantirzo1,0,
83,"@hiperfalcon Jajaja q obsesion con los alemanes q tienen los k. Posta es llamativo.
Merkel es doctora en fisica cu√°‚Ä¶ https://t.co/LaUoJz0YD7",0,27/06/2021 01:23:04,Gica03171050,0,
82,Angela Merkel kayak gini. Cuma yang pertama AstraZeneca yang kedua Moderna. https://t.co/PpZPI6ZaAx,0,27/06/2021 01:23:09,agunsux,0,
81,@OrtigiaP @CarpaneseSilva1 @matteosalvinimi @LykanLA @borghi_claudio @valy_s @fdragoni @maryfagi @Leonard13___‚Ä¶ https://t.co/OyX429o7hk,0,27/06/2021 01:23:17,ObsoletusH,0,
80,@Mike_Fabricant Yep we‚Äôre streets ahead of most of Europe but Angela Merkel still has the brass front to tell the l‚Ä¶ https://t.co/jU23ijRclP,1,27/06/2021 01:24:09,JanColl05831542,0,
79,@SecondRingSZN @StubbeWissing @immortalsci I kept wondering why a Dane would be so triggered by my original thread‚Ä¶ https://t.co/sGGYRKJBN5,14,27/06/2021 01:24:29,willehelmwonka,1,
78,"@MatiasRajnerman Y solo pensando en la vuelta de la democracia hasta ac√°, como si los antecesores hubiesen sido tod‚Ä¶ https://t.co/XcVcPib2p1",1,27/06/2021 01:25:54,lauchusgold,0,
77,Trump on his encounter with Angela Merkel: I like her https://t.co/j704Xt3JnZ,0,27/06/2021 01:27:34,politic_talks,0,
76,Trump on his encounter with Angela Merkel: I like her https://t.co/NZKzrgyDlS,0,27/06/2021 01:27:36,mediaprince,0,
75,Drei Tote in W√ºrzburg: Der Messer-Killer jagte gezielt Frauen https://t.co/cZQtP48wnM alle Kanacken und Neger totsc‚Ä¶ https://t.co/uwbwDLxWUc,0,27/06/2021 01:27:51,weiterso2,0,
74,"@mariaFFreijo No darling, te lo resumo r√°pido. Merkel es centro derecha y Vizzoti todo lo contrario, toma informate‚Ä¶ https://t.co/KfADyEyVZU",1,27/06/2021 01:28:19,Maximusyetix,0,
73,"@christoph_CDU Weil die Gottkanzlerin #Merkel dies will.
Sie hat also mit gemessert, denn ohne sie w√§re der M√∂rder‚Ä¶ https://t.co/evXeK9h14T",2,27/06/2021 01:28:58,NLPete007,0,
72,"It looked like, megan merkel having a bad hair day!.",0,27/06/2021 01:29:15,TTAA4455,0,
71,@maternus Merkel ist schuldig im Sinne der Anklage. Sie hat alle Morde billigend in Kauf genommen.,2,27/06/2021 01:30:21,lebt_elvis,0,
70,"""Jim Gordon and Stanley Merkel. Two best cops in Gotham.""",0,27/06/2021 01:30:38,Millerverse_Bat,0,
69,"@wPolityce_pl @D_Tarczynski @donaldtusk Nowe okreslenie satyryczne: ""walnac jenotem wPotylice"". Pieknie  sie plaszc‚Ä¶ https://t.co/cs1CQ7YTeP",0,27/06/2021 01:30:50,NYKaiserD,0,
68,"#merkel glaubt echt, #polen irgendwas vorschreiben zu k√∂nnen.
#Polen scheisst dir, #merkel, auf den Kopf.
Und das i‚Ä¶ https://t.co/Wm0HZJSkkI",0,27/06/2021 01:31:17,michaelische,0,
67,@pablo_dioni ...pero Vizzotti tiene un perfil similar al de Merkel.....!!,1,27/06/2021 01:31:22,biondi1989,0,
66,"@mariaFFreijo @carlavizzotti Merkel?? Ni en 3 vidas, coincido que podr√≠a ser candidata, si lo pudieron hacer con ki‚Ä¶ https://t.co/iDfdXKYBGG",0,27/06/2021 01:32:25,arevaloluis,0,
65,@RafaelRomeroVas @PedroCastilloTe @JoeBiden @CanadaenPeru @UEenPeru @FiscaliaPeru @congresoperu @ReniecPeru‚Ä¶ https://t.co/OhqLLEr8AK,0,27/06/2021 01:33:23,AdolfoGiurfa,0,
64,"@mariaFFreijo @carlavizzotti Est√°s en pedo, la Merkel se ba√±a.",0,27/06/2021 01:33:34,juliostck,0,
63,@mariaFFreijo Empezando por la parte de que Merkel no es una sucia comunista y socialista queda claro que no tienen nada que ver.,0,27/06/2021 01:33:36,Criiistttiiian,0,
62,"@doofkatze @christoph_CDU Wie lustig.
Der Rechtsstaat ist unter #Merkel erst einige Jahre schleichend erodiert und‚Ä¶ https://t.co/NZEdFDzGJC",0,27/06/2021 01:33:44,NLPete007,0,
61,"German media fury at Merkel on Covid rules‚Äì 'She can jet to London, football fans can't' | World | News |‚Ä¶ https://t.co/wwVyB51lV5",0,27/06/2021 01:35:43,lakapartments,1,
60,"@RolandTichy Ein Dank an Merkel, sie ist mitschuldig",0,27/06/2021 01:36:27,Remerk1,0,
59,@SteveSchmidtSES @ShellHuch Angela Merkel is humility personified.,3,27/06/2021 01:36:44,irizarr2,0,
58,Alles gut. Merkel cocktail on board.,1,27/06/2021 01:36:58,daeganf,0,
57,"@mirtus1986 Despu√©s se quieren parecer a Merkel, cuando sal√≠a de gira protocolar su marido viajaba en clase turista‚Ä¶ https://t.co/oB0vxK9zhH",1,27/06/2021 01:37:19,Darkspa10728442,0,
56,"@ARDMoskau Die tumbe Masse der Konsumenten. 16 Jahre Angela Merkel mit ihrer gef√ºhlten GroKo aus ""CD""U/ ""CS""U, ""S""P‚Ä¶ https://t.co/UhMRUvBfSZ",0,27/06/2021 01:38:03,BockVonBakerloo,0,
55,"@daeganf Omg. Of course this is the perfect name. ""The Merkel Cocktail""",2,27/06/2021 01:38:17,Duanaelise,0,
54,@mariaFFreijo @carlavizzotti Vos me est√°s jodiendo que Merkel desconoc√≠a un vacunatorio vip habiendo vacunado a sus‚Ä¶ https://t.co/wnEgaD2z9A,0,27/06/2021 01:38:21,Elfirule_,0,
53,"@mariaFFreijo @carlavizzotti Nasa te fuiste al carajooooooo comparar a ""La Vizzotti"" con Angela Merkel, es como comparar a Alberso con Obama",0,27/06/2021 01:38:30,CentralPasion2,0,
52,"Merkel denen pislik lider de, bu karanlƒ±k rejimin en b√ºy√ºk destek√ßisi. Unutulmasƒ±n.",0,27/06/2021 01:39:30,Zulaila82153837,0,
51,"@Caymany @BILD W√§re das ein Deutscher oder ‚ÄûWei√üer‚Äú, dann w√ºrde Merkel ihm pers√∂nlich eine klatschen im Facebook Livestream",1,27/06/2021 01:39:37,beerncigs1,0,
50,"Boris Johnson 'will urge Angela Merkel to drop demands for an EU-wide quarantine for UK tourists'
https://t.co/WheuF7sMQ7",0,27/06/2021 01:39:43,NewsfeedsMedia,0,
49,@mariaFFreijo @carlavizzotti Jaj jaja   hablas en serio ? MERKEL  ?    Jaja  que  k ignorante,0,27/06/2021 01:39:58,alejandrinyta,0,
48,@mariaFFreijo @carlavizzotti Merkel....perdonala no sabe de que habla....menos pobres que en Alemania....comparable‚Ä¶ https://t.co/8r9mdew3IG,0,27/06/2021 01:41:42,Gaby_Botto,0,
47,@mariaFFreijo @carlavizzotti Esta chica cree que le chupa las medias a Vizzotti comparandola con Merkel y que los d‚Ä¶ https://t.co/SFCQPS2Al0,0,27/06/2021 01:42:32,EscalaGlobal,0,
46,EU Rejects Merkel-Macron Call for Leaders‚Äô Talks With Putin https://t.co/VZQkllmSy3 via @Yahoo,0,27/06/2021 01:42:41,SalVadacchino1,0,
45,@therealbuni @mccormack4ever El perfil de Merkel fue el forjado poe una maestra de las artes oscuras de la rosca pa‚Ä¶ https://t.co/iWTYSGFzxE,0,27/06/2021 01:43:24,ChopoMD,0,
44,"Lo dir√° en serio? Cuesta creer que haya gente que piense as√≠!! Si se entera Angela Merkel, seguro que le hace una d‚Ä¶ https://t.co/llgsUfItiL",0,27/06/2021 01:43:37,MaraEsquivel12,0,
43,"""Europa echar√° de menos a Merkel"": el paso de la canciller alemana en su √∫ltima cumbre de la UE.
https://t.co/L2mFoJI7oU",70,27/06/2021 01:43:53,biobio,13,
42,"AFP News Agency @AFP 
#BREAKING German Chancellor #Merkel condemns Hungary's $LGBTQ law as 'wrong' https://t.co/VaS9GuME7l",0,27/06/2021 01:46:22,Writing_Destiny,0,https://pbs.twimg.com/media/E4kWkVrX0AoJpj0.jpg
41,"@espcomunidade @leandroruschel @ptrainercarlos Tivemos 21 anos de governo de direita, foi p√©ssima a experi√™ncia, Me‚Ä¶ https://t.co/JGZdl0sAXc",0,27/06/2021 01:46:35,Raul_Duarte1914,0,
40,"@mariaFFreijo @carlavizzotti Si realmente @carlavizzotti tiene algo de Angela Merkel, as√≠ como 
A. Fernandez tiene de Adenahuer.",0,27/06/2021 01:46:44,BoedoGuille,0,
39,"3/919.
Frau Merkel ""is the one that connects"" ""Gesichtskreis-Horizont""...",0,27/06/2021 01:47:12,WerkSemiotik,0,
38,Merkel hat Shishabar auf gemacht aber keiner sagt danke merkel,15,27/06/2021 01:48:18,Cihxn99,2,
37,"@mariaFFreijo S√≠, una mezcla de Merkel, Buda, Mar√≠a Magdalena, Madonna, Michael y Dady.",0,27/06/2021 01:49:11,jualebo,0,
36,"üá©üá™ https://t.co/SnjXtDuzT9  #MERKEL kann sich auf die Schulter klopfen,wie der inkompetenteste IM den üá¶üáπ jemals dur‚Ä¶ https://t.co/i1rwFhidlc",2,27/06/2021 01:50:40,silvia22201910,1,
35,"El que detuvo ayer al amok de W√ºrzburg, es otro refugiado kurdo de Ir√°n, pero el neofascistas/neonazi te dir√° que M‚Ä¶ https://t.co/TbCIBsMARd",0,27/06/2021 01:50:44,antaramir,0,
34,merkel schreibt in meine Wetter app 16 Grad aber ich schw√∂re ich bin hier im tshirt unterwegs niemals sind das 16 G‚Ä¶ https://t.co/mul7lbaqtj,41,27/06/2021 01:51:58,youngingwer,0,
33,Merkel hopeful of swift economic recovery at EU summit https://t.co/YNIrm9DlqA @EU_Commission @GermanyDiplo #Merkel,0,27/06/2021 01:52:34,Writing_Destiny,0,
32,"""Europa echar√° de menos a Merkel"": el paso de la canciller alemana en su √∫ltima cumbre de la UE https://t.co/vouWimiq4G",0,27/06/2021 01:53:37,topinforma7,0,
31,"Xi‚Äôs China-Club in Germany
#Germany is one of the most important strategic partners for the #CCP (PLA) in the Euroz‚Ä¶ https://t.co/KiZ1HPcaNQ",0,27/06/2021 01:53:46,Sciclo1,1,
30,https://t.co/bohIgwSwtc,1,27/06/2021 01:53:48,_Death_Hack_,1,
29,@youngingwer macht merkel nur damit wir uns hot f√ºhlen letzter dienst f√ºr die cdu,1,27/06/2021 01:54:21,moabit,0,
28,"#NowPlaying Steve Merkel - I Worship You
https://t.co/O45kvFCz7m
#OnlineRadio #BloomRadioke #TheBestofYou",0,27/06/2021 01:55:06,BloomradioKe,0,
27,Trump on his encounter with Angela Merkel: I like her https://t.co/ipHuDOPl55 via @YouTube,0,27/06/2021 01:55:30,crazyfuckwrestl,0,
26,@mustafa42deniz3 Ooo jeah bana bunlarla gel... Acaba birde Merkel istifa deseler ba≈ülarƒ±na ne gelirdi...,1,27/06/2021 01:55:38,solevla,0,
25,@BanePresidente Le mando Merkel !!! ü§£ü§£ü§£ü§£ü§£ü§£ü§£ü§£ü§£ü§£ü§£ü§£ü§£ü§£ü§£ü§£ü§£ü§£ü§£ü§£ü§£ü§£ü•¥,1,27/06/2021 01:59:16,JaviRo71,0,
24,Auszeichnungen: Engagiert in Corona-Krise: Preis f√ºr spanische Merkel,0,27/06/2021 02:00:13,ZwoSchlagzeilen,0,
23,"@carliferro Pas√© x all√≠ y hu√≠. Interrumpiendo todo el tiempo
Habla con la seguridad de Angela Merkel rindiendo cuen‚Ä¶ https://t.co/fqrjv5fayw",1,27/06/2021 02:00:42,fair053,0,
22,Boris Johnson to urge Angela Merkel to DROP EU-wide quarantine for Brit tourists as UK leads Covid strain¬†research https://t.co/vTuyR3KBdS,0,27/06/2021 02:00:43,InterNewsSpace1,0,
21,@mstaflex @schokosahnewal @RegSprecher Nat√ºrlich werden dabei andere Fakten geflissentlich √ºbergangen. Was z.B im V‚Ä¶ https://t.co/5ycogLrrne,0,27/06/2021 02:01:46,MenschmitMakeln,0,
20,@Dulcmastr Que no se entere Merkel a ver si se nos muere de la risa,1,27/06/2021 02:02:06,clandestinanena,0,
19,"@mariaFFreijo @carlavizzotti Jajajajajajajajajajjajajajajaj igualita a Merkel, desp que le pasaron 4 gob k por encima, que ridiculez!!",0,27/06/2021 02:02:25,nattantik,0,
18,Chancellor Angela Merkel‚Äôs conservative bloc widened its lead in a weekly poll ahead of Germany‚Äôs election as suppo‚Ä¶ https://t.co/wu18bbz4qr,38,27/06/2021 02:02:49,bpolitics,23,
17,Alles wie von Zauberhand weg. Jetzt ist er ein Gutmensch der den armen politisch Verfolgten der Merkel-Diktatur ein‚Ä¶ https://t.co/jTCkNo3UfE,0,27/06/2021 02:03:17,FriedrichPagel,0,
16,"... und denen Geh√∂r verschafft, die neben den Engeln auf der Seite der Guten (Orban/Ungarn, Morawiecki/Polen, Putin‚Ä¶ https://t.co/jSFUBBY5p0",0,27/06/2021 02:03:17,FriedrichPagel,0,
15,@serehfas As in ‚Äúthat‚Äôs it ‚Äòfully vaxxed‚Äô‚Äù. There is no ‚Äú fully vaxxed ‚Äú . Boosters will be needed for years. In Eu‚Ä¶ https://t.co/1LdF91epOz,2,27/06/2021 02:03:22,grizelda00,0,
14,"@KremlinRussia_E No G8.
Ich m√∂chte folgenden Vorschlag machen :
Nachdem Merkel und Macron in ein Fettn√§pfchen getre‚Ä¶ https://t.co/9PfL6d0lVc",0,27/06/2021 02:03:24,checkerhd,0,
13,"MEP of Poland @D_Tarczynski is spot on:

‚ùùWhen we, Law and Justice [@pisorgpl] rule in Poland, a democratically ele‚Ä¶ https://t.co/aEAfztUCOZ",0,27/06/2021 02:04:41,ejmarkow,0,
12,@PEDRULY @AnaRamosGrillo @lunaozzi Merkel lo hizo,1,27/06/2021 02:04:57,walter_weimer,0,
11,@volkvulture1 @LLazator Yeah a charitable donation isn't the same as reparations. Germany is one of the leading cou‚Ä¶ https://t.co/H2X6JlUeRa,0,27/06/2021 02:05:22,DoctorDyre99,0,
10,@mariaFFreijo @carlavizzotti Jjajajajajajajaaj dios mio. Me imagino a Merkel en Alemania vacunando a sus papas primeros!,0,27/06/2021 02:06:39,VolveAyerKun,0,
9,@SHussainShokat @TarekFatah Angela Merkel's welcome!,3,27/06/2021 02:07:35,JupiterWisdom,0,
8,"@grizelda00 I think it may be a perennial, like flu vaccine. Main thing is to slow the spread to slow the mutation.‚Ä¶ https://t.co/JDqY6uRU9I",0,27/06/2021 02:07:43,serehfas,0,
7,@CTVNews They should ask Chancellor Angela Merkel. She opened the door wide for such people.,0,27/06/2021 02:07:53,bvollmer4,0,
6,@mariaFFreijo @carlavizzotti Queeeee!??? No compares a Merkel con ninguna de las que est√°n en el gobierno!!son nada‚Ä¶ https://t.co/h692nPEsiF,0,27/06/2021 02:07:58,Silvia53U,0,
5,"@gchikermane @samirsaran @orfonline ""The issue here is not whether Merkel agreed or disagreed with Trump‚Äôs tweets.‚Ä¶ https://t.co/GJYVzPs2UT",0,27/06/2021 02:09:09,seshanm,0,
4,Merkel xolam qarippobdiyu https://t.co/DFTinNHtCU,0,27/06/2021 02:11:16,akhunoff,0,
3,"@mariaFFreijo @carlavizzotti M√°s que Merkel, se asemeja a Merka",0,27/06/2021 02:12:34,pettovello,0,
2,"@mariaFFreijo @carlavizzotti Qu√© ganas tiene esta mujer de que la puteen.

No le encuentro otra explicaci√≥n... #Merkel",0,27/06/2021 02:12:35,RepublicanoLib,0,
1,Angela Merkel is a great leader. Conservatism will continue to triumph in Germany while it's already dead in the US‚Ä¶ https://t.co/Ju6TMhfkLw,2,27/06/2021 02:13:12,RepRenaissance,0,
0,@mariaFFreijo @carlavizzotti Carla = Merkel ü§î ‚Ä¶.Mozo!!    La Cuentaaaaaa,0,27/06/2021 02:13:32,Norecuerdo,0,
